<?xml version='1.0' encoding='UTF-8' ?>
<timeLogEntries>
  <time id="33" path="/No Proyecto/BotinaCesar_Lab3AED/Planning" start="@1554943650000" delta="334" flag="A" />
  <time id="34" path="/No Proyecto/BotinaCesar_Lab3AED/Planning" start="@1555942702000" delta="67" flag="A" />
  <time id="35" path="/No Proyecto/BotinaCesar_Lab3AED/Planning" start="@1555722420000" delta="47" flag="A" />
  <time id="36" path="/No Proyecto/BotinaCesar_Lab3AED/Planning" start="@1556122712000" delta="29" flag="A" />
  <time id="37" path="/No Proyecto/BotinaCesar_Lab3AED/Planning" start="@1556221512000" delta="124" flag="A" />
  <time id="38" path="/No Proyecto/BotinaCesar_Lab3AED/Design" start="@1555698195000" delta="120" flag="A" />
  <time id="39" path="/No Proyecto/BotinaCesar_Lab3AED/Design" start="@1555356195000" delta="30" flag="A" />
  <time id="40" path="/No Proyecto/BotinaCesar_Lab3AED/Code" start="@1555939442000" delta="120" flag="A" />
  <time id="41" path="/No Proyecto/BotinaCesar_Lab3AED/Code" start="@1556039674000" delta="48" flag="A" />
  <time id="42" path="/No Proyecto/BotinaCesar_Lab3AED/Code" start="@1556205875000" delta="136" flag="A" />
</timeLogEntries>
