<?xml version='1.0' encoding='UTF-8' ?>
<timeLogEntries>
  <time id="1" path="/A00130560_Lab1/PSP0/Code" start="@1485560910717" delta="48" interrupt="5" />
  <time id="2" path="/A00130560_Lab1/PSP0/Code" start="@1485565477835" delta="2" />
  <time id="3" path="/A00130560_Lab1/PSP0/Code" start="@1485566907024" delta="4" interrupt="649" />
  <time id="4" path="/A00130560_Lab1/PSP0/Code" start="@1485608728040" delta="177" interrupt="25" />
  <time id="5" path="/A00130560_Lab1/PSP0/Planning" start="@1485631846589" delta="27" />
  <time id="6" path="/A00130560_Lab1/PSP0/Code" start="@1485634014970" delta="5" />
  <time id="7" path="/A00130560_Lab1/PSP0/Planning" start="@1485634911937" delta="41" />
  <time id="8" path="/A00130560_Lab1/PSP0/Planning" start="@1485638813826" delta="22" />
  <time id="9" path="/A00130560_Lab2/PSP0/Planning" start="@1486140508381" delta="1" />
  <time id="10" path="/A00130560_Lab2/PSP0/Planning" start="@1486142160991" delta="24" />
  <time id="11" path="/A00130560_Lab2/PSP0/Planning" start="@1486208795598" delta="44" />
  <time id="12" path="/A00130560_Lab2/PSP0/Planning" start="@1486212602164" delta="1" />
  <time id="13" path="/A00130560_Lab2/PSP0/Design" start="@1486212674825" delta="30" />
  <time id="14" path="/A00130560_Lab2/PSP0/Code" start="@1486214859273" delta="50" />
  <time id="15" path="/A00130560_Lab2/PSP0/Code" start="@1486219623356" delta="486" />
  <time id="16" path="/A00130560_Lab2/PSP0/Code" start="@1486321182208" delta="45" />
  <time id="17" path="/A00130560_Lab2masPresta/PSP0/Planning" start="@1486744349032" delta="8" />
  <time id="18" path="/A00130560_Lab2masPresta/PSP0/Code" start="@1486744862653" delta="44" interrupt="1" />
  <time id="19" path="/A00130560_Lab2masPresta/PSP0/Code" start="@1486775228429" delta="43" />
  <time id="20" path="/A00130560_Lab2masPresta/PSP0/Code" start="@1486822603760" delta="99" />
  <time id="21" path="/A00130560_Lab2masPresta/PSP0/Code" start="@1486831647287" delta="37" />
  <time id="22" path="/A00130560_Lab2masPresta/PSP0/Code" start="@1486910749991" delta="199" />
  <time id="23" path="/A00130560_Lab2masPresta/PSP0/Code" start="@1486927544551" delta="187" />
  <time id="24" path="/A00130560_Lab3Transporte/PSP0/Planning" start="@1487347488124" delta="15" />
  <time id="25" path="/A00130560_Lab3Transporte/PSP0/Code" start="@1487348384052" delta="39" />
  <time id="26" path="/A00130560_Lab3Transporte/PSP0/Code" start="@1487353210203" delta="119" />
  <time id="27" path="/A00130560_Lab3Transporte/PSP0/Code" start="@1487387143415" delta="130" />
  <time id="28" path="/A00130560_Lab3Transporte/PSP0/Planning" start="@1488557983105" delta="4" />
  <time id="29" path="/A00130560_LABmaratonProgrmacion/PSP0/Planning" start="@1488558281985" delta="13" />
  <time id="30" path="/A00130560_LABmaratonProgrmacion/PSP0/Code" start="@1488559056352" delta="35" />
  <time id="31" path="/A00130560_LABmaratonProgrmacion/PSP0/Code" start="@1488638481167" delta="342" />
  <time id="32" path="/A00130560 _LAB_parlamentoInter/PSP0/Planning" start="@1489162532140" delta="6" />
  <time id="33" path="/A00130560 _LAB_parlamentoInter/PSP0/Planning" start="@1489163284199" delta="3" />
  <time id="34" path="/A00130560 _LAB_parlamentoInter/PSP0/Code" start="@1489163444809" delta="86" />
  <time id="35" path="/A00130560 _LAB_parlamentoInter/PSP0/Code" start="@1489248349884" delta="45" />
  <time id="36" path="/A00130560 _LAB_parlamentoInter/PSP0/Code" start="@1489352462695" delta="10" />
  <time id="37" path="/A00130560_LAB1_Unidad4/PSP0/Planning" start="@1489767139301" delta="12" interrupt="1" />
  <time id="38" path="/A00130560_LAB1_Unidad4/PSP0/Code" start="@1489767943607" delta="88" />
  <time id="39" path="/A00130560_LAB1_Unidad4/PSP0/Code" start="@1489852427657" delta="84" />
  <time id="40" path="/A00130560_LAB1_Unidad4/PSP0/Code" start="@1489876869376" delta="54" interrupt="11" />
  <time id="41" path="/A00130560_LAB1_Unidad4/PSP0/Code" start="@1489881468531" delta="116" interrupt="3" />
  <time id="42" path="/A00130560_LAB1_Unidad4/PSP0/Code" start="@1489956371917" delta="112" />
  <time id="43" path="/A00130560_lAB2_Unidad4/PSP0/Planning" start="@1490372264678" delta="19" />
  <time id="44" path="/A00130560_lAB2_Unidad4/PSP0/Code" start="@1490373407639" delta="80" />
  <time id="45" path="/A00130560_lAB2_Unidad4/PSP0/Code" start="@1490471151105" delta="66" />
  <time id="46" path="/A00130560_LAB1_Unidad5/PSP0/Planning" start="@1491583102334" delta="164" />
  <time id="47" path="/A00130560_LAB2_Unidad5/PSP0/Planning" start="@1492791079615" delta="45" />
  <time id="48" path="/A00130560_LAB2_Unidad5/PSP0/Code" start="@1492793783594" delta="22" />
  <time id="49" path="/A00130560_LAB2_Unidad5/PSP0/Code" start="@1492803191330" delta="129" />
  <time id="50" path="/A00130560_LAB2_Unidad5/PSP0/Code" start="@1492875478391" delta="47" />
  <time id="51" path="/A00130560_LAB2_Unidad5/PSP0/Code" start="@1492888543068" delta="81" />
  <time id="52" path="/A00130560_LAB1_UNIDAD6/PSP0/Planning" start="@1493396277760" delta="6" />
  <time id="53" path="/A00130560_LAB1_UNIDAD6/PSP0/Code" start="@1493396620273" delta="231" />
  <time id="54" path="/A00130560_LAB1_UNIDAD6/PSP0/Code" start="@1493470329527" delta="18" />
  <time id="55" path="/A00130560_LAB1_UNIDAD6/PSP0/Code" start="@1493478416388" delta="59" />
  <time id="56" path="/A00130560_LAB1_UNIDAD6/PSP0/Code" start="@1493549569890" delta="50" interrupt="13" />
  <time id="57" path="/A00130560_LAB1_UNIDAD6/PSP0/Code" start="@1493562289282" delta="5" />
  <time id="58" path="/A00130560_LAB1_UNIDAD6/PSP0/Code" start="@1493566169917" delta="55" />
  <time id="59" path="/A00130560_LAB1_UNIDAD6/PSP0/Code" start="@1493580287862" delta="22" />
  <time id="60" path="/ProyectoApoUno/PSP0/Planning" start="@1493831512705" delta="470" />
  <time id="61" path="/A00130560_LAB2_Unidad6/PSP0/Planning" start="@1494000925558" delta="10" interrupt="6" />
  <time id="62" path="/A00130560_LAB2_Unidad6/PSP0/Code" start="@1494005052295" delta="220" />
  <time id="63" path="/A00130560_LAB2_Unidad6/PSP0/Code" start="@1494081265510" delta="123" />
  <time id="65" path="/ProyectoApoUno/PSP0/Code" start="@1494437615427" delta="1085" interrupt="10" />
  <time id="72" path="/ProyectoApoUno/PSP0/Code" start="@1495563472404" delta="63" />
  <time id="73" path="/ProyectoApoUno/PSP0/Code" start="@1495634386167" delta="44" />
  <time id="74" path="/ProyectoApoUno/PSP0/Design" start="@1495637046927" delta="165" interrupt="35" />
  <time id="75" path="/ProyectoApoUno/PSP0/Code" start="@1495649073427" delta="40" />
  <time id="76" path="/A00130569_LAB1_Unidad1_APO2/new" start="@1501866981587" delta="2" />
  <time id="77" path="/A00130560_LAB2_UNIDAD1 APO2/PSP0/Planning" start="@1502444180874" delta="435" />
  <time id="78" path="/A00130560_LAB2_UNIDAD1 APO2/PSP0/Code" start="@1502470327851" delta="222" />
  <time id="79" path="/LAB2_uni1_BustamanteDilan/PSP0/Planning" start="@1502515735667" delta="81" />
  <time id="80" path="/LAB2_uni1_BustamanteDilan/PSP0/Code" start="@1502520609033" delta="257" />
  <time id="81" path="/LAB2_uni1_BustamanteDilan/PSP0/Code" start="@1502573653298" delta="63" />
  <time id="82" path="/LAB2_uni1_BustamanteDilan/PSP0/Compile" start="@1502577457624" delta="7" />
  <time id="83" path="/LAB 3 BUSTAMANTE_DILAN/PSP0/Code" start="@1503187105715" delta="212" />
  <time id="84" path="/LAB2Unidad2_BustamanteDilan/PSP0/Planning" start="@1504225070539" delta="7" />
  <time id="85" path="/LAB2Unidad2_BustamanteDilan/PSP0/Code" start="@1504289196240" delta="111" />
  <time id="86" path="/LAB2Unidad2_BustamanteDilan/PSP0/Code" start="@1504387349196" delta="25" interrupt="2" />
  <time id="87" path="/LAB2Unidad2_BustamanteDilan/PSP0/Code" start="@1504400258406" delta="26" />
  <time id="88" path="/LAB2Unidad2_BustamanteDilan/PSP0/Code" start="@1504403479034" delta="86" />
  <time id="89" path="/LAB2Unidad2_BustamanteDilan/PSP0/Code" start="@1504416992208" delta="10" />
  <time id="90" path="/LAB_Hilos/PSP0/Planning" start="@1505441460692" delta="33" />
  <time id="91" path="/LAB_Hilos/PSP0/Code" start="@1505443449588" delta="35" />
  <time id="92" path="/LAB_Hilos/PSP0/Code" start="@1505447036917" delta="16" />
  <time id="93" path="/LAB_Hilos/PSP0/Code" start="@1505632106121" delta="150" />
  <time id="94" path="/LAB_Hilos/PSP0/Code" start="@1505644389544" delta="74" />
  <time id="95" path="/LAB_Hilos/PSP0/Code" start="@1505668730580" delta="29" />
  <time id="96" path="/LAB_Hilos/PSP0/Code" start="@1505673638404" delta="53" />
  <time id="97" path="/Lab_PelotasQueRebotan/PSP0/Planning" start="@1506002140445" delta="5" />
  <time id="98" path="/Lab_PelotasQueRebotan/PSP0/Code" start="@1506003905588" delta="26" />
  <time id="99" path="/Lab_PelotasQueRebotan/PSP0/Code" start="@1506090370643" delta="20" interrupt="34" />
  <time id="100" path="/Lab_PelotasQueRebotan/PSP0/Code" start="@1506099864641" delta="12" />
  <time id="101" path="/Lab_PelotasQueRebotan/PSP0/Code" start="@1506110596870" delta="10" />
  <time id="102" path="/Lab_PelotasQueRebotan/PSP0/Code" start="@1506196296573" delta="180" />
  <time id="103" path="/LAB_ordenamiento/PSP0/Planning" start="@1506638631077" delta="8" />
  <time id="104" path="/LAB_ordenamiento/PSP0/Code" start="@1506639123248" delta="95" />
  <time id="105" path="/LAB_ordenamiento/PSP0/Code" start="@1506649300654" delta="13" />
  <time id="106" path="/LAB_ordenamiento/PSP0/Code" start="@1506703130802" delta="21" />
  <time id="107" path="/LAB_ordenamiento/PSP0/Code" start="@1506714223626" delta="116" />
  <time id="108" path="/LAB_ordenamiento/PSP0/Code" start="@1506721304731" delta="180" />
  <time id="109" path="/LAB_ORDENAMIENTO_OBJETOS/PSP0/Planning" start="@1507210972315" delta="4" />
  <time id="110" path="/LAB_ORDENAMIENTO_OBJETOS/PSP0/Code" start="@1507212316179" delta="46" />
  <time id="111" path="/LAB_ORDENAMIENTO_OBJETOS/PSP0/Code" start="@1507247303771" delta="3" interrupt="1" />
  <time id="112" path="/LAB_ORDENAMIENTO_OBJETOS/PSP0/Code" start="@1507255572134" delta="24" />
  <time id="113" path="/LAB_BUSQUEDA_BINARIA/PSP0/Planning" start="@1507817628348" delta="3" />
  <time id="114" path="/LAB_listasOrdenadas/PSP0/Planning" start="@1508422986000" delta="4" />
  <time id="115" path="/LAB_listasOrdenadas/PSP0/Code" start="@1508423216043" delta="177" />
  <time id="116" path="/LAB_listasOrdenadas/PSP0/Code" start="@1508684429864" delta="61" />
  <time id="117" path="/LAB_listasOrdenadas/PSP0/Code" start="@1508706384434" delta="18" />
  <time id="118" path="/LAB_listasDoblementeEnlazadas/PSP0/Code" start="@1509066627906" delta="11" />
  <time id="119" path="/LAB_listasDoblementeEnlazadas/PSP0/Code" start="@1509225699002" delta="37" />
  <time id="120" path="/LAB_RECURSIVIDAD/PSP0.1/Planning" start="@1509727206253" delta="8" />
  <time id="121" path="/LAB_RECURSIVIDAD/PSP0.1/Code" start="@1509729675830" delta="13" />
  <time id="122" path="/LAB_RECURSIVIDAD/PSP0.1/Code" start="@1509839489183" delta="26" />
  <time id="123" path="/LAB_RECURSIVIDAD/PSP0.1/Code" start="@1509844043207" delta="75" interrupt="1102" />
  <time id="124" path="/LAB_RECURSIVIDAD/PSP0.1/Code" start="@1509915699904" delta="65" />
  <time id="125" path="/Proyecto/A00130560_AED_LAB2/Code" start="@1552156413000" delta="348" />
  <time id="126" path="/Proyecto/A00130560_AED_LAB2/Code" start="@1552512928026" delta="165" />
  <time id="128" path="/Proyecto/A00130560_AED_LAB2/Compile" start="@1552522914454" delta="25" />
  <time id="129" path="/Proyecto/A00130560_AED_LAB2/Compile" start="@1552591981347" delta="53" />
  <time id="130" path="/Proyecto/A00130560_AED_LAB2/Compile" start="@1552682103466" delta="36" />
  <time id="131" path="/Proyecto/A00130560_AED_LAB2/Code" start="@1552754461938" delta="12" />
  <time id="132" path="/Proyecto/A00130560_AED_LAB2/Test" start="@1552755170460" delta="95" interrupt="2" />
  <time id="133" path="/Proyecto/A00130560_AED_LAB2/Code" start="@1552761013058" delta="58" />
  <time id="134" path="/Proyecto/A00130560_AED_LAB2/Code" start="@1552783442650" delta="36" />
  <time id="135" path="/Proyecto/A00130560_AED_LAB2/Test" start="@1552785588588" delta="148" />
  <time id="136" path="/Proyecto/A00130560_AED_LAB2/Code" start="@1552798604450" delta="100" />
  <time id="137" path="/LAB3_ESTRUCTURAS/PSP0/Planning" start="@1555866751114" delta="145" />
  <time id="138" path="/LAB3_ESTRUCTURAS/PSP0/Design" start="@1555883373827" delta="332" />
  <time id="139" path="/LAB3_ESTRUCTURAS/PSP0/Code" start="@1556053580266" delta="255" />
  <time id="140" path="/LAB3_ESTRUCTURAS/PSP0/Design" start="@1556070095079" delta="96" />
  <time id="141" path="/LAB3_ESTRUCTURAS/PSP0/Code" start="@1556075878963" delta="167" />
  <time id="142" path="/LAB3_ESTRUCTURAS/PSP0/Code" start="@1556135141599" delta="6" />
  <time id="143" path="/LAB3_ESTRUCTURAS/PSP0/Code" start="@1556136108888" delta="271" />
  <time id="144" path="/LAB3_ESTRUCTURAS/PSP0/Code" start="@1556157212268" delta="42" />
  <time id="145" path="/LAB3_ESTRUCTURAS/PSP0/Code" start="@1556161302537" delta="221" />
</timeLogEntries>
