<?xml version='1.0' encoding='UTF-8' ?>
<timeLogEntries>
  <time id="4" path="/No Proyecto/PSP0/Planning" start="@1536197982295" delta="97" />
  <time id="1" path="/No Proyecto/PSP0/Planning" start="@1536174301000" delta="65" />
  <time id="5" path="/No Proyecto/PSP0/Code" start="@1536277170433" delta="104" />
  <time id="6" path="/No Proyecto/PSP0/Code" start="@1536423807474" delta="156" />
  <time id="7" path="/Proyecto/BASQUETBALL/Planning" start="@1539033775280" delta="60" />
  <time id="8" path="/Proyecto/PSP0/Planning" start="@1538679687000" delta="87" comment="" />
  <time id="9" path="/Proyecto/PSP0/Planning" start="@1538842545000" delta="39" />
  <time id="13" path="/Proyecto/PSP0/Design" start="@1540500952000" delta="73" />
  <time id="14" path="/Proyecto/PSP0/Code" start="@1538940440000" delta="50" />
  <time id="15" path="/Proyecto/PSP0/Code" start="@1539893533000" delta="200" />
  <time id="16" path="/No Proyecto/Lab2AED/Code" start="@1552156512000" delta="484" comment="" />
  <time id="17" path="/No Proyecto/Lab2AED/Code" start="@1552857452000" delta="379" />
  <time id="18" path="/No Proyecto/Lab2AED/Code" start="@1552080844000" delta="100" />
  <time id="19" path="/No Proyecto/Lab2AED/Code" start="@1552678123000" delta="233" />
  <time id="20" path="/No Proyecto/Lab2AED/Code" start="@1552707411000" delta="398" />
  <time id="21" path="/No Proyecto/Lab2AED/Code" start="@1552466422000" delta="276" />
  <time id="23" path="/No Proyecto/Lab2AED/Code" start="@1552729386044" delta="11" />
  <time id="24" path="/No Proyecto/Lab2AED/Design" start="@1551971519000" delta="57" />
  <time id="25" path="/No Proyecto/Lab3AED/Code" start="@1556077339859" delta="55" />
  <time id="26" path="/No Proyecto/Lab3AED/Code" start="@1556136099380" delta="125" />
  <time id="27" path="/No Proyecto/Lab3AED/Compile" start="@1556143624531" delta="61" />
  <time id="28" path="/No Proyecto/Lab3AED/Code" start="@1556147282603" delta="20" />
  <time id="29" path="/No Proyecto/Lab3AED/Design" start="@1556156442791" delta="121" />
  <time id="30" path="/No Proyecto/Lab3AED/Test" start="@1556163741731" delta="185" />
</timeLogEntries>
